Month,Mortgage,Balance,Interest,Paid Amount
1,4441.078430788096,96075.58823587857,516.6666666666666,3924.41176412142932,4441.078430788096,92130.90034430918,496.39053921870595,3944.68789156938963,4441.078430788096,88165.83156530002,476.00965177893073,3965.0687790091654,4441.078430788096,84180.27659759931,455.5234630873834,3985.55496770071255,4441.078430788096,80174.1295958988,434.9314290875964,4006.14700170049956,4441.078430788096,76147.28416802286,414.23300291214383,4026.8454278759527,4441.078430788096,72099.63337210288,393.4276348681181,4047.65079591997768,4441.078430788096,68031.06971373732,372.5147724225315,4068.5636583655649,4441.078430788096,63941.485143136866,351.4938601876429,4089.58457060045310,4441.078430788096,59830.771052254975,330.36433990620714,4110.71409088188811,4441.078430788096,55698.81827190353,309.1256504366507,4131.95278035144512,4441.078430788096,51545.5170688536,287.7772277381683,4153.30120304992813,4441.078430788096,47370.75714292125,266.3185048557436,4174.75992593235214,4441.078430788096,43174.427624038246,244.7489119050931,4196.329518883002515,4441.078430788096,38956.41706930768,223.06787605753095,4218.01055473056516,4441.078430788096,34716.61346004434,201.27482152475636,4239.80360926333917,4441.078430788096,30454.904198799806,179.36916954356244,4261.70926124453318,4441.078430788096,26171.176106372175,157.35033836046566,4283.7280924276319,4441.078430788096,21865.315418800335,135.21774321625625,4305.8606875718420,4441.078430788096,17537.207784342707,112.97079633046842,4328.10763445762821,4441.078430788096,13186.738260440383,90.60890688577065,4350.46952390232522,4441.078430788096,8813.791310664561,68.13148101227532,4372.94694977582123,4441.078430788096,4418.2508016482325,45.5379217717669,4395.540509016328524,4441.078430788096,1.9854269339703023E-9,22.8276291418492,4418.250801646247