Month,Mortgage,Balance,Interest,Paid Amount
1,444.10784307880965,9607.558823587857,51.666666666666664,392.441176412142972,444.10784307880965,9213.090034430918,49.63905392187059,394.468789156939073,444.10784307880965,8816.583156530001,47.60096517789307,396.50687790091664,444.10784307880965,8418.02765975993,45.55234630873834,398.555496770071335,444.10784307880965,8017.412959589879,43.49314290875964,400.614700170056,444.10784307880965,7614.728416802284,41.423300291214375,402.684542787595267,444.10784307880965,7209.963337210286,39.342763486811805,404.765079591997858,444.10784307880965,6803.10697137373,37.25147724225315,406.85636583655659,444.10784307880965,6394.148514313684,35.14938601876427,408.9584570600453610,444.10784307880965,5983.077105225495,33.0364339906207,411.0714090881889411,444.10784307880965,5569.88182719035,30.912565043665058,413.195278035144612,444.10784307880965,5154.551706885357,28.77772277381681,415.330120304992813,444.10784307880965,4737.075714292121,26.631850485574343,417.4759925932353314,444.10784307880965,4317.442762403821,24.474891190509293,419.6329518883003415,444.10784307880965,3895.641706930764,22.306787605753073,421.801055473056616,444.10784307880965,3471.66134600443,20.12748215247561,423.98036092633417,444.10784307880965,3045.490419879977,17.936916954356224,426.1709261244534418,444.10784307880965,2617.1176106372136,15.735033836046547,428.372809242763119,444.10784307880965,2186.5315418800296,13.521774321625605,430.58606875718420,444.10784307880965,1753.7207784342668,11.29707963304682,432.8107634457628621,444.10784307880965,1318.6738260440343,9.060890688577045,435.046952390232622,444.10784307880965,881.3791310664521,6.813148101227511,437.2946949775821423,444.10784307880965,441.82508016481916,4.553792177176669,439.55405090163324,444.10784307880965,1.944044925039634E-10,2.282762914184899,441.82508016462475