Month,Mortgage,Balance,Interest,Paid Amount
1,4441.078430788096,96075.58823587857,516.6666666666666,3924.4117641214293
2,4441.078430788096,92130.90034430918,496.39053921870595,3944.6878915693896
3,4441.078430788096,88165.83156530002,476.00965177893073,3965.068779009165
4,4441.078430788096,84180.27659759931,455.5234630873834,3985.5549677007125
5,4441.078430788096,80174.1295958988,434.9314290875964,4006.1470017004995
6,4441.078430788096,76147.28416802286,414.23300291214383,4026.845427875952
7,4441.078430788096,72099.63337210288,393.4276348681181,4047.6507959199776
8,4441.078430788096,68031.06971373732,372.5147724225315,4068.563658365564
9,4441.078430788096,63941.485143136866,351.4938601876429,4089.584570600453
10,4441.078430788096,59830.771052254975,330.36433990620714,4110.714090881888
11,4441.078430788096,55698.81827190353,309.1256504366507,4131.952780351445
12,4441.078430788096,51545.5170688536,287.7772277381683,4153.301203049928
13,4441.078430788096,47370.75714292125,266.3185048557436,4174.759925932352
14,4441.078430788096,43174.427624038246,244.7489119050931,4196.3295188830025
15,4441.078430788096,38956.41706930768,223.06787605753095,4218.010554730565
16,4441.078430788096,34716.61346004434,201.27482152475636,4239.803609263339
17,4441.078430788096,30454.904198799806,179.36916954356244,4261.709261244533
18,4441.078430788096,26171.176106372175,157.35033836046566,4283.72809242763
19,4441.078430788096,21865.315418800335,135.21774321625625,4305.86068757184
20,4441.078430788096,17537.207784342707,112.97079633046842,4328.107634457628
21,4441.078430788096,13186.738260440383,90.60890688577065,4350.469523902325
22,4441.078430788096,8813.791310664561,68.13148101227532,4372.946949775821
23,4441.078430788096,4418.2508016482325,45.5379217717669,4395.5405090163285
24,4441.078430788096,1.9854269339703023E-9,22.8276291418492,4418.250801646247
